onset	duration	trial_type	value	sample
551.841	0.001	S_1	1	551841
553.408	0.001	S_8	8	553408
554.159	0.001	R_2	102	554159
555.607	0.001	S_1	1	555607
557.167	0.001	S_8	8	557167
557.808	0.001	R_1	101	557808
559.128	0.001	S_2	2	559128
560.699	0.001	S_16	16	560699
561.431	0.001	R_1	101	561431
563.004	0.001	S_1	1	563004
564.57	0.001	S_8	8	564570
565.304	0.001	R_1	101	565304
566.687	0.001	S_2	2	566687
568.26	0.001	S_16	16	568260
570.432	0.001	R_1	101	570432
571.767	0.001	S_2	2	571767
573.339	0.001	S_16	16	573339
575.712	0.001	R_2	102	575712
577.258	0.001	S_1	1	577258
578.831	0.001	S_8	8	578831
581.048	0.001	R_1	101	581048
582.652	0.001	S_2	2	582652
584.219	0.001	S_16	16	584219
584.96	0.001	R_1	101	584960
586.425	0.001	S_2	2	586425
587.989	0.001	S_16	16	587989
590.2	0.001	R_1	101	590200
591.673	0.001	S_1	1	591673
593.24	0.001	S_8	8	593240
594.265	0.001	R_1	101	594265
595.701	0.001	S_1	1	595701
597.267	0.001	S_8	8	597267
598.592	0.001	R_1	101	598592
600.208	0.001	S_2	2	600208
601.779	0.001	S_16	16	601779
604.129	0.001	R_1	101	604129
605.656	0.001	S_2	2	605656
607.227	0.001	S_8	8	607227
609.409	0.001	R_2	102	609409
610.949	0.001	S_1	1	610949
612.519	0.001	S_8	8	612519
613.618	0.001	R_1	101	613618
614.929	0.001	S_2	2	614929
616.501	0.001	S_16	16	616501
617.826	0.001	R_1	101	617826
619.404	0.001	S_1	1	619404
620.97	0.001	S_8	8	620970
621.665	0.001	R_2	102	621665
623.08	0.001	S_2	2	623080
624.65	0.001	S_16	16	624650
625.338	0.001	R_1	101	625338
626.525	0.001	S_1	1	626525
628.091	0.001	S_16	16	628091
629.778	0.001	R_1	101	629778
631.005	0.001	S_2	2	631005
632.581	0.001	S_16	16	632581
633.186	0.001	R_1	101	633186
634.69	0.001	S_1	1	634690
636.26	0.001	S_16	16	636260
638.394	0.001	R_1	101	638394
687.344	0.001	S_2	2	687344
688.912	0.001	S_16	16	688912
689.676	0.001	R_1	101	689676
690.883	0.001	S_2	2	690883
692.449	0.001	S_16	16	692449
693.532	0.001	R_1	101	693532
694.732	0.001	S_1	1	694732
696.302	0.001	S_8	8	696302
697.452	0.001	R_1	101	697452
698.827	0.001	S_1	1	698827
700.388	0.001	S_16	16	700388
701.492	0.001	R_1	101	701492
703.081	0.001	S_1	1	703081
704.651	0.001	S_8	8	704651
705.444	0.001	R_1	101	705444
706.84	0.001	S_2	2	706840
708.412	0.001	S_8	8	708412
709.996	0.001	R_2	102	709996
711.161	0.001	S_2	2	711161
712.733	0.001	S_16	16	712733
715.605	0.001	R_2	102	715605
717.097	0.001	S_2	2	717097
718.673	0.001	S_16	16	718673
721.517	0.001	R_2	102	721517
722.848	0.001	S_2	2	722848
724.409	0.001	S_8	8	724409
726.925	0.001	R_2	102	726925
728.357	0.001	S_2	2	728357
729.928	0.001	S_16	16	729928
731.189	0.001	R_1	101	731189
732.407	0.001	S_2	2	732407
733.982	0.001	S_8	8	733982
736.805	0.001	R_1	101	736805
738.137	0.001	S_1	1	738137
739.701	0.001	S_8	8	739701
743.815	0.001	S_2	2	743815
745.393	0.001	S_16	16	745393
746.805	0.001	R_1	101	746805
748.172	0.001	S_1	1	748172
749.741	0.001	S_16	16	749741
750.901	0.001	R_1	101	750901
752.454	0.001	S_1	1	752454
754.019	0.001	S_8	8	754019
758.612	0.001	S_1	1	758612
760.182	0.001	S_8	8	760182
761.927	0.001	R_1	101	761927
763.249	0.001	S_2	2	763249
764.809	0.001	S_16	16	764809
765.638	0.001	R_1	101	765638
766.884	0.001	S_1	1	766884
768.451	0.001	S_8	8	768451
769.326	0.001	R_1	101	769326
770.781	0.001	S_2	2	770781
772.35	0.001	S_16	16	772350
774.127	0.001	R_1	101	774127
775.74	0.001	S_1	1	775740
777.312	0.001	S_16	16	777312
779.671	0.001	R_2	102	779671
844.263	0.001	S_1	1	844263
845.831	0.001	S_8	8	845831
846.521	0.001	R_1	101	846521
847.727	0.001	S_2	2	847727
849.294	0.001	S_16	16	849294
850.001	0.001	R_1	101	850001
851.598	0.001	S_1	1	851598
853.164	0.001	S_8	8	853164
853.77	0.001	R_1	101	853770
855.35	0.001	S_1	1	855350
856.921	0.001	S_16	16	856921
857.553	0.001	R_1	101	857553
858.904	0.001	S_1	1	858904
860.5	0.001	S_8	8	860500
861.25	0.001	R_1	101	861250
862.672	0.001	S_2	2	862672
864.245	0.001	S_8	8	864245
864.97	0.001	R_2	102	864970
866.34	0.001	S_1	1	866340
867.914	0.001	S_16	16	867914
868.681	0.001	R_1	101	868681
870.136	0.001	S_1	1	870136
871.701	0.001	S_16	16	871701
872.762	0.001	R_1	101	872762
874.272	0.001	S_1	1	874272
875.843	0.001	S_8	8	875843
876.778	0.001	R_1	101	876778
878.189	0.001	S_2	2	878189
879.754	0.001	S_16	16	879754
880.594	0.001	R_2	102	880594
881.886	0.001	S_2	2	881886
883.453	0.001	S_16	16	883453
885.61	0.001	R_1	101	885610
886.873	0.001	S_1	1	886873
888.444	0.001	S_16	16	888444
889.826	0.001	R_2	102	889826
891.372	0.001	S_1	1	891372
892.943	0.001	S_8	8	892943
895.218	0.001	R_2	102	895218
896.469	0.001	S_1	1	896469
898.034	0.001	S_8	8	898034
900.011	0.001	R_1	101	900011
901.523	0.001	S_2	2	901523
903.096	0.001	S_8	8	903096
905.819	0.001	R_1	101	905819
907.022	0.001	S_1	1	907022
908.594	0.001	S_8	8	908594
909.827	0.001	R_2	102	909827
911.332	0.001	S_1	1	911332
912.906	0.001	S_8	8	912906
914.139	0.001	R_2	102	914139
915.774	0.001	S_1	1	915774
917.342	0.001	S_16	16	917342
918.419	0.001	R_1	101	918419
920.045	0.001	S_2	2	920045
921.612	0.001	S_16	16	921612
923.667	0.001	R_1	101	923667
925.315	0.001	S_1	1	925315
926.882	0.001	S_16	16	926882
928.411	0.001	R_1	101	928411
1008.821	0.001	S_1	1	1008821
1010.388	0.001	S_16	16	1010388
1011.022	0.001	R_1	101	1011022
1012.67	0.001	S_1	1	1012670
1014.236	0.001	S_16	16	1014236
1014.862	0.001	R_2	102	1014862
1016.032	0.001	S_1	1	1016032
1017.595	0.001	S_8	8	1017595
1018.143	0.001	R_2	102	1018143
1019.673	0.001	S_1	1	1019673
1021.247	0.001	S_8	8	1021247
1021.895	0.001	R_1	101	1021895
1023.179	0.001	S_2	2	1023179
1024.746	0.001	S_16	16	1024746
1025.462	0.001	R_1	101	1025462
1027.066	0.001	S_2	2	1027066
1028.637	0.001	S_16	16	1028637
1029.255	0.001	R_1	101	1029255
1030.639	0.001	S_2	2	1030639
1032.204	0.001	S_16	16	1032204
1033.639	0.001	R_2	102	1033639
1035.265	0.001	S_2	2	1035265
1036.836	0.001	S_16	16	1036836
1037.559	0.001	R_1	101	1037559
1039.061	0.001	S_1	1	1039061
1040.626	0.001	S_8	8	1040626
1041.551	0.001	R_1	101	1041551
1042.782	0.001	S_1	1	1042782
1044.347	0.001	S_8	8	1044347
1045.12	0.001	R_1	101	1045120
1046.528	0.001	S_1	1	1046528
1048.104	0.001	S_8	8	1048104
1048.895	0.001	R_1	101	1048895
1050.28	0.001	S_2	2	1050280
1051.846	0.001	S_16	16	1051846
1052.424	0.001	R_1	101	1052424
1053.584	0.001	S_1	1	1053584
1055.146	0.001	S_8	8	1055146
1057.008	0.001	R_2	102	1057008
1058.169	0.001	S_1	1	1058169
1059.736	0.001	S_8	8	1059736
1060.944	0.001	R_1	101	1060944
1062.217	0.001	S_1	1	1062217
1063.785	0.001	S_16	16	1063785
1064.72	0.001	R_1	101	1064720
1066.269	0.001	S_1	1	1066269
1067.838	0.001	S_16	16	1067838
1068.752	0.001	R_1	101	1068752
1069.949	0.001	S_1	1	1069949
1071.516	0.001	S_8	8	1071516
1073.944	0.001	R_2	102	1073944
1075.522	0.001	S_2	2	1075522
1077.094	0.001	S_8	8	1077094
1077.808	0.001	R_1	101	1077808
1079.149	0.001	S_1	1	1079149
1080.715	0.001	S_8	8	1080715
1085.063	0.001	S_2	2	1085063
1086.635	0.001	S_16	16	1086635
1087.481	0.001	R_1	101	1087481
1203.829	0.001	S_1	1	1203829
1205.399	0.001	S_16	16	1205399
1206.677	0.001	R_1	101	1206677
1207.971	0.001	S_2	2	1207971
1209.54	0.001	S_16	16	1209540
1210.565	0.001	R_1	101	1210565
1211.974	0.001	S_2	2	1211974
1213.54	0.001	S_16	16	1213540
1215.677	0.001	R_2	102	1215677
1216.965	0.001	S_2	2	1216965
1218.53	0.001	S_16	16	1218530
1219.189	0.001	R_1	101	1219189
1220.555	0.001	S_2	2	1220555
1222.121	0.001	S_16	16	1222121
1223.974	0.001	R_1	101	1223974
1225.594	0.001	S_1	1	1225594
1227.157	0.001	S_8	8	1227157
1227.95	0.001	R_1	101	1227950
1229.589	0.001	S_2	2	1229589
1231.161	0.001	S_16	16	1231161
1231.83	0.001	R_1	101	1231830
1233.256	0.001	S_2	2	1233256
1234.831	0.001	S_16	16	1234831
1235.526	0.001	R_2	102	1235526
1236.85	0.001	S_1	1	1236850
1238.417	0.001	S_16	16	1238417
1239.246	0.001	R_1	101	1239246
1240.566	0.001	S_2	2	1240566
1242.137	0.001	S_16	16	1242137
1243.278	0.001	R_1	101	1243278
1244.791	0.001	S_1	1	1244791
1246.357	0.001	S_8	8	1246357
1247.726	0.001	R_1	101	1247726
1249.295	0.001	S_1	1	1249295
1250.861	0.001	S_8	8	1250861
1251.958	0.001	R_2	102	1251958
1253.403	0.001	S_2	2	1253403
1254.968	0.001	S_16	16	1254968
1257.39	0.001	R_2	102	1257390
1258.699	0.001	S_2	2	1258699
1260.272	0.001	S_16	16	1260272
1261.959	0.001	R_1	101	1261959
1263.59	0.001	S_2	2	1263590
1265.16	0.001	S_8	8	1265160
1267.175	0.001	R_2	102	1267175
1268.577	0.001	S_1	1	1268577
1270.148	0.001	S_8	8	1270148
1272.919	0.001	R_2	102	1272919
1274.189	0.001	S_2	2	1274189
1275.76	0.001	S_16	16	1275760
1276.807	0.001	R_1	101	1276807
1278.199	0.001	S_2	2	1278199
1279.768	0.001	S_16	16	1279768
1281.327	0.001	R_1	101	1281327
1282.519	0.001	S_2	2	1282519
1284.088	0.001	S_16	16	1284088
1285.231	0.001	R_1	101	1285231
1286.629	0.001	S_2	2	1286629
1288.2	0.001	S_8	8	1288200
1289.104	0.001	R_1	101	1289104
1293.997	0.001	S_2	2	1293997
1295.569	0.001	S_16	16	1295569
1296.152	0.001	R_1	101	1296152
1297.465	0.001	S_2	2	1297465
1299.03	0.001	S_16	16	1299030
1299.6	0.001	R_1	101	1299600
1301.152	0.001	S_1	1	1301152
1302.721	0.001	S_8	8	1302721
1303.624	0.001	R_1	101	1303624
1305.052	0.001	S_2	2	1305052
1306.621	0.001	S_16	16	1306621
1308.696	0.001	R_1	101	1308696
1309.861	0.001	S_1	1	1309861
1311.428	0.001	S_8	8	1311428
1313.24	0.001	R_2	102	1313240
1314.746	0.001	S_1	1	1314746
1316.311	0.001	S_16	16	1316311
1317.144	0.001	R_2	102	1317144
1318.749	0.001	S_2	2	1318749
1320.318	0.001	S_16	16	1320318
1321.848	0.001	R_1	101	1321848
1323.165	0.001	S_2	2	1323165
1324.73	0.001	S_16	16	1324730
1326.745	0.001	R_2	102	1326745
1328.197	0.001	S_2	2	1328197
1329.758	0.001	S_16	16	1329758
1331.76	0.001	R_1	101	1331760
1332.994	0.001	S_2	2	1332994
1334.562	0.001	S_8	8	1334562
1337.225	0.001	R_2	102	1337225
1338.704	0.001	S_2	2	1338704
1340.268	0.001	S_16	16	1340268
1342.601	0.001	R_1	101	1342601
1344.184	0.001	S_1	1	1344184
1345.751	0.001	S_8	8	1345751
1347.97	0.001	R_2	102	1347970
1349.198	0.001	S_1	1	1349198
1350.763	0.001	S_8	8	1350763
1353.249	0.001	R_2	102	1353249
1354.445	0.001	S_2	2	1354445
1356.011	0.001	S_8	8	1356011
1358.682	0.001	R_1	101	1358682
1360.06	0.001	S_1	1	1360060
1361.63	0.001	S_16	16	1361630
1363.69	0.001	R_1	101	1363690
1365.036	0.001	S_1	1	1365036
1366.6	0.001	S_8	8	1366600
1371.187	0.001	S_2	2	1371187
1372.75	0.001	S_16	16	1372750
1374.45	0.001	R_1	101	1374450
1375.835	0.001	S_2	2	1375835
1377.403	0.001	S_16	16	1377403
1378.226	0.001	R_1	101	1378226
1379.801	0.001	S_1	1	1379801
1381.373	0.001	S_16	16	1381373
1382.546	0.001	R_1	101	1382546
1384.054	0.001	S_2	2	1384054
1385.622	0.001	S_8	8	1385622
1386.402	0.001	R_2	102	1386402
1410.76	0.001	S_1	1	1410760
1412.334	0.001	S_8	8	1412334
1413.115	0.001	R_2	102	1413115
1414.639	0.001	S_1	1	1414639
1416.203	0.001	S_16	16	1416203
1416.875	0.001	R_1	101	1416875
1418.246	0.001	S_1	1	1418246
1419.824	0.001	S_8	8	1419824
1420.756	0.001	R_1	101	1420756
1422.383	0.001	S_1	1	1422383
1423.953	0.001	S_8	8	1423953
1425.828	0.001	R_2	102	1425828
1427.201	0.001	S_1	1	1427201
1428.772	0.001	S_8	8	1428772
1430.124	0.001	R_1	101	1430124
1431.38	0.001	S_2	2	1431380
1432.95	0.001	S_8	8	1432950
1435.812	0.001	R_2	102	1435812
1437.354	0.001	S_1	1	1437354
1438.92	0.001	S_8	8	1438920
1440.597	0.001	R_2	102	1440597
1441.901	0.001	S_1	1	1441901
1443.474	0.001	S_8	8	1443474
1445.853	0.001	R_2	102	1445853
1447.167	0.001	S_1	1	1447167
1448.731	0.001	S_8	8	1448731
1451.093	0.001	R_1	101	1451093
1452.465	0.001	S_2	2	1452465
1454.034	0.001	S_8	8	1454034
1454.813	0.001	R_1	101	1454813
1456.458	0.001	S_1	1	1456458
1458.02	0.001	S_8	8	1458020
1459.909	0.001	R_2	102	1459909
1461.491	0.001	S_1	1	1461491
1463.061	0.001	S_8	8	1463061
1463.861	0.001	R_1	101	1463861
1465.404	0.001	S_2	2	1465404
1466.991	0.001	S_16	16	1466991
1468.125	0.001	R_1	101	1468125
1469.458	0.001	S_2	2	1469458
1471.022	0.001	S_16	16	1471022
1473.862	0.001	R_2	102	1473862
1475.385	0.001	S_2	2	1475385
1476.956	0.001	S_16	16	1476956
1478.766	0.001	R_2	102	1478766
1480.096	0.001	S_1	1	1480096
1481.661	0.001	S_8	8	1481661
1483.846	0.001	R_2	102	1483846
1485.248	0.001	S_1	1	1485248
1486.811	0.001	S_8	8	1486811
1488.894	0.001	R_2	102	1488894
1490.05	0.001	S_2	2	1490050
1491.622	0.001	S_16	16	1491622
1493.854	0.001	R_1	101	1493854
1495.33	0.001	S_1	1	1495330
1496.905	0.001	S_8	8	1496905
1501.022	0.001	S_2	2	1501022
1502.595	0.001	S_16	16	1502595
1503.414	0.001	R_1	101	1503414
1508.862	0.001	S_1	1	1508862
1510.432	0.001	S_8	8	1510432
1514.784	0.001	S_1	1	1514784
1516.355	0.001	S_8	8	1516355
1516.959	0.001	R_2	102	1516959
1518.208	0.001	S_2	2	1518208
1519.776	0.001	S_8	8	1519776
1520.335	0.001	R_1	101	1520335
1521.568	0.001	S_2	2	1521568
1523.133	0.001	S_16	16	1523133
1523.519	0.001	R_1	101	1523519
1524.977	0.001	S_1	1	1524977
1526.545	0.001	S_8	8	1526545
1527.047	0.001	R_1	101	1527047
1528.554	0.001	S_1	1	1528554
1530.123	0.001	S_8	8	1530123
1530.776	0.001	R_1	101	1530776
1532.367	0.001	S_2	2	1532367
1533.935	0.001	S_16	16	1533935
1534.608	0.001	R_2	102	1534608
1536.243	0.001	S_1	1	1536243
1537.814	0.001	S_8	8	1537814
1538.432	0.001	R_1	101	1538432
1539.72	0.001	S_2	2	1539720
1541.292	0.001	S_16	16	1541292
1541.648	0.001	R_1	101	1541648
1542.903	0.001	S_2	2	1542903
1544.474	0.001	S_16	16	1544474
1545.336	0.001	R_2	102	1545336
1546.622	0.001	S_1	1	1546622
1548.195	0.001	S_8	8	1548195
1548.984	0.001	R_1	101	1548984
1550.26	0.001	S_2	2	1550260
1551.836	0.001	S_8	8	1551836
1553.008	0.001	R_2	102	1553008
1554.465	0.001	S_2	2	1554465
1556.035	0.001	S_16	16	1556035
1556.64	0.001	R_1	101	1556640
1557.826	0.001	S_1	1	1557826
1559.392	0.001	S_8	8	1559392
1560.336	0.001	R_1	101	1560336
1561.512	0.001	S_2	2	1561512
1563.083	0.001	S_16	16	1563083
1564.296	0.001	R_1	101	1564296
1565.701	0.001	S_2	2	1565701
1567.274	0.001	S_8	8	1567274
1568.104	0.001	R_1	101	1568104
1569.575	0.001	S_1	1	1569575
1571.145	0.001	S_8	8	1571145
1571.641	0.001	R_2	102	1571641
1572.944	0.001	S_1	1	1572944
1574.515	0.001	S_8	8	1574515
1576.673	0.001	R_1	101	1576673
1578.213	0.001	S_2	2	1578213
1579.785	0.001	S_8	8	1579785
1580.394	0.001	R_1	101	1580394
1582.033	0.001	S_2	2	1582033
1583.605	0.001	S_8	8	1583605
1622.103	0.001	S_4	4	1622103
1623.669	0.001	S_16	16	1623669
1625.312	0.001	R_1	101	1625312
1626.534	0.001	S_4	4	1626534
1628.1	0.001	S_16	16	1628100
1629.096	0.001	R_1	101	1629096
1630.323	0.001	S_4	4	1630323
1631.892	0.001	S_16	16	1631892
1633.297	0.001	R_2	102	1633297
1634.509	0.001	S_4	4	1634509
1636.078	0.001	S_8	8	1636078
1636.633	0.001	R_2	102	1636633
1637.895	0.001	S_4	4	1637895
1639.461	0.001	S_8	8	1639461
1640.617	0.001	R_1	101	1640617
1641.87	0.001	S_4	4	1641870
1643.439	0.001	S_8	8	1643439
1644.905	0.001	R_2	102	1644905
1646.287	0.001	S_4	4	1646287
1647.859	0.001	S_16	16	1647859
1648.497	0.001	R_1	101	1648497
1649.907	0.001	S_4	4	1649907
1651.479	0.001	S_16	16	1651479
1652.081	0.001	R_1	101	1652081
1653.29	0.001	S_4	4	1653290
1654.863	0.001	S_16	16	1654863
1655.569	0.001	R_1	101	1655569
1656.739	0.001	S_4	4	1656739
1658.311	0.001	S_16	16	1658311
1659.305	0.001	R_1	101	1659305
1660.615	0.001	S_4	4	1660615
1662.181	0.001	S_16	16	1662181
1663.281	0.001	R_1	101	1663281
1664.798	0.001	S_4	4	1664798
1666.372	0.001	S_16	16	1666372
1667.298	0.001	R_1	101	1667298
1668.781	0.001	S_4	4	1668781
1670.351	0.001	S_8	8	1670351
1670.962	0.001	R_1	101	1670962
1672.52	0.001	S_4	4	1672520
1674.092	0.001	S_16	16	1674092
1675.13	0.001	R_1	101	1675130
1676.36	0.001	S_4	4	1676360
1677.929	0.001	S_8	8	1677929
1678.922	0.001	R_1	101	1678922
1680.243	0.001	S_4	4	1680243
1681.811	0.001	S_16	16	1681811
1682.506	0.001	R_1	101	1682506
1684.114	0.001	S_4	4	1684114
1685.681	0.001	S_8	8	1685681
1687.242	0.001	R_2	102	1687242
1688.879	0.001	S_4	4	1688879
1690.451	0.001	S_8	8	1690451
1691.755	0.001	R_1	101	1691755
1693.07	0.001	S_4	4	1693070
1694.642	0.001	S_8	8	1694642
1695.587	0.001	R_2	102	1695587
1697.221	0.001	S_4	4	1697221
1698.791	0.001	S_16	16	1698791
1699.547	0.001	R_1	101	1699547
1704.592	0.001	S_4	4	1704592
1706.161	0.001	S_16	16	1706161
1706.755	0.001	R_1	101	1706755
1708.409	0.001	S_4	4	1708409
1709.98	0.001	S_16	16	1709980
1710.523	0.001	R_1	101	1710523
1712.123	0.001	S_4	4	1712123
1713.692	0.001	S_8	8	1713692
1715.387	0.001	R_1	101	1715387
1716.977	0.001	S_4	4	1716977
1718.549	0.001	S_8	8	1718549
1720.099	0.001	R_2	102	1720099
1721.573	0.001	S_4	4	1721573
1723.14	0.001	S_8	8	1723140
1724.939	0.001	R_2	102	1724939
1726.338	0.001	S_4	4	1726338
1727.902	0.001	S_8	8	1727902
1728.579	0.001	R_1	101	1728579
1729.835	0.001	S_4	4	1729835
1731.401	0.001	S_16	16	1731401
1732.123	0.001	R_1	101	1732123
1733.776	0.001	S_4	4	1733776
1735.35	0.001	S_8	8	1735350
1737.028	0.001	R_2	102	1737028
1738.245	0.001	S_4	4	1738245
1739.812	0.001	S_16	16	1739812
1741.62	0.001	R_2	102	1741620
1743.014	0.001	S_4	4	1743014
1744.582	0.001	S_16	16	1744582
1745.276	0.001	R_1	101	1745276
1746.59	0.001	S_4	4	1746590
1748.161	0.001	S_16	16	1748161
1749.845	0.001	R_2	102	1749845
1751.117	0.001	S_4	4	1751117
1752.693	0.001	S_8	8	1752693
1754.452	0.001	R_1	101	1754452
1756.006	0.001	S_4	4	1756006
1757.571	0.001	S_16	16	1757571
1758.445	0.001	R_1	101	1758445
1759.803	0.001	S_4	4	1759803
1761.372	0.001	S_8	8	1761372
1762.421	0.001	R_2	102	1762421
1763.978	0.001	S_4	4	1763978
1765.542	0.001	S_16	16	1765542
1766.941	0.001	R_2	102	1766941
1768.331	0.001	S_4	4	1768331
1769.902	0.001	S_16	16	1769902
1770.493	0.001	R_1	101	1770493
1772.028	0.001	S_4	4	1772028
1773.593	0.001	S_16	16	1773593
1774.862	0.001	R_1	101	1774862
1776.029	0.001	S_4	4	1776029
1777.601	0.001	S_8	8	1777601
1778.397	0.001	R_1	101	1778397
1779.77	0.001	S_4	4	1779770
1781.35	0.001	S_8	8	1781350
1783.045	0.001	R_1	101	1783045
1784.345	0.001	S_4	4	1784345
1785.912	0.001	S_8	8	1785912
1787.894	0.001	R_2	102	1787894
1792.155	0.001	S_4	4	1792155
1793.722	0.001	S_8	8	1793722
1795.022	0.001	R_2	102	1795022
1796.472	0.001	S_4	4	1796472
1798.044	0.001	S_8	8	1798044
1799.446	0.001	R_2	102	1799446
1800.959	0.001	S_4	4	1800959
1802.522	0.001	S_16	16	1802522
1803.263	0.001	R_1	101	1803263
1804.825	0.001	S_4	4	1804825
1806.391	0.001	S_16	16	1806391
1807.822	0.001	R_2	102	1807822
1809.321	0.001	S_4	4	1809321
1810.894	0.001	S_8	8	1810894
1811.71	0.001	R_1	101	1811710
1812.973	0.001	S_4	4	1812973
1814.544	0.001	S_16	16	1814544
1815.095	0.001	R_1	101	1815095
1816.431	0.001	S_4	4	1816431
1818.001	0.001	S_16	16	1818001
1819.678	0.001	R_1	101	1819678
1821.103	0.001	S_4	4	1821103
1822.671	0.001	S_8	8	1822671
1824.558	0.001	R_2	102	1824558
1825.769	0.001	S_4	4	1825769
1827.341	0.001	S_16	16	1827341
1829.111	0.001	R_1	101	1829111
1830.723	0.001	S_4	4	1830723
1832.294	0.001	S_8	8	1832294
1833.263	0.001	R_1	101	1833263
1834.825	0.001	S_4	4	1834825
1836.395	0.001	S_16	16	1836395
1837.463	0.001	R_1	101	1837463
1838.92	0.001	S_4	4	1838920
1840.493	0.001	S_16	16	1840493
1841.551	0.001	R_1	101	1841551
1843.062	0.001	S_4	4	1843062
1844.634	0.001	S_16	16	1844634
1845.84	0.001	R_2	102	1845840
1847.069	0.001	S_4	4	1847069
1848.641	0.001	S_16	16	1848641
1849.952	0.001	R_1	101	1849952
1851.374	0.001	S_4	4	1851374
1852.943	0.001	S_16	16	1852943
1854.919	0.001	R_2	102	1854919
1856.399	0.001	S_4	4	1856399
1857.964	0.001	S_8	8	1857964
1859.175	0.001	R_1	101	1859175
1860.654	0.001	S_4	4	1860654
1862.222	0.001	S_16	16	1862222
1862.824	0.001	R_1	101	1862824
1864.016	0.001	S_4	4	1864016
1865.584	0.001	S_8	8	1865584
1867.609	0.001	R_1	101	1867609
1868.979	0.001	S_4	4	1868979
1870.544	0.001	S_8	8	1870544
1872.792	0.001	R_2	102	1872792
1874.06	0.001	S_4	4	1874060
1875.632	0.001	S_8	8	1875632
1877.064	0.001	R_2	102	1877064
1886.746	0.001	S_4	4	1886746
1888.312	0.001	S_8	8	1888312
1888.984	0.001	R_1	101	1888984
1890.361	0.001	S_4	4	1890361
1891.933	0.001	S_8	8	1891933
1893.273	0.001	R_1	101	1893273
1894.711	0.001	S_4	4	1894711
1896.282	0.001	S_8	8	1896282
1898.201	0.001	R_1	101	1898201
1899.702	0.001	S_4	4	1899702
1901.272	0.001	S_8	8	1901272
1902.993	0.001	R_2	102	1902993
1904.267	0.001	S_4	4	1904267
1905.834	0.001	S_16	16	1905834
1907.338	0.001	R_2	102	1907338
1908.816	0.001	S_4	4	1908816
1910.383	0.001	S_8	8	1910383
1911.306	0.001	R_1	101	1911306
1912.916	0.001	S_4	4	1912916
1914.482	0.001	S_8	8	1914482
1915.866	0.001	R_1	101	1915866
1917.447	0.001	S_4	4	1917447
1919.015	0.001	S_16	16	1919015
1921.482	0.001	R_1	101	1921482
1922.826	0.001	S_4	4	1922826
1924.393	0.001	S_8	8	1924393
1926.394	0.001	R_2	102	1926394
1927.942	0.001	S_4	4	1927942
1929.513	0.001	S_8	8	1929513
1930.155	0.001	R_1	101	1930155
1931.634	0.001	S_4	4	1931634
1933.204	0.001	S_8	8	1933204
1934.251	0.001	R_1	101	1934251
1935.84	0.001	S_4	4	1935840
1937.403	0.001	S_16	16	1937403
1939.675	0.001	R_1	101	1939675
1941.038	0.001	S_4	4	1941038
1942.606	0.001	S_16	16	1942606
1944.81	0.001	R_2	102	1944810
1946.244	0.001	S_4	4	1946244
1947.813	0.001	S_8	8	1947813
1950.483	0.001	R_2	102	1950483
1951.782	0.001	S_4	4	1951782
1953.346	0.001	S_16	16	1953346
1955.643	0.001	R_1	101	1955643
1957.293	0.001	S_4	4	1957293
1958.866	0.001	S_8	8	1958866
1959.771	0.001	R_1	101	1959771
1961.134	0.001	S_4	4	1961134
1962.706	0.001	S_16	16	1962706
1964.939	0.001	R_1	101	1964939
1966.517	0.001	S_4	4	1966517
1968.09	0.001	S_16	16	1968090
1970.276	0.001	R_2	102	1970276
1971.52	0.001	S_4	4	1971520
1973.084	0.001	S_16	16	1973084
1974.028	0.001	R_2	102	1974028
1975.293	0.001	S_4	4	1975293
1976.854	0.001	S_16	16	1976854
1979.276	0.001	R_1	101	1979276
2005.676	0.001	S_4	4	2005676
2007.244	0.001	S_16	16	2007244
2009.277	0.001	R_1	101	2009277
2010.891	0.001	S_4	4	2010891
2012.476	0.001	S_16	16	2012476
2014.381	0.001	R_2	102	2014381
2015.685	0.001	S_4	4	2015685
2017.254	0.001	S_8	8	2017254
2018.157	0.001	R_1	101	2018157
2019.545	0.001	S_4	4	2019545
2021.116	0.001	S_8	8	2021116
2022.989	0.001	R_1	101	2022989
2024.263	0.001	S_4	4	2024263
2025.827	0.001	S_16	16	2025827
2028.525	0.001	R_1	101	2028525
2030.032	0.001	S_4	4	2030032
2031.597	0.001	S_8	8	2031597
2033.965	0.001	R_1	101	2033965
2035.462	0.001	S_4	4	2035462
2037.037	0.001	S_8	8	2037037
2039.957	0.001	R_2	102	2039957
2041.241	0.001	S_4	4	2041241
2042.807	0.001	S_8	8	2042807
2045.566	0.001	R_1	101	2045566
2046.891	0.001	S_4	4	2046891
2048.456	0.001	S_8	8	2048456
2050.742	0.001	R_1	101	2050742
2052.055	0.001	S_4	4	2052055
2053.626	0.001	S_8	8	2053626
2055.599	0.001	R_1	101	2055599
2056.874	0.001	S_4	4	2056874
2058.446	0.001	S_8	8	2058446
2060.814	0.001	R_1	101	2060814
2062.402	0.001	S_4	4	2062402
2063.978	0.001	S_8	8	2063978
2065.63	0.001	R_2	102	2065630
2066.799	0.001	S_4	4	2066799
2068.365	0.001	S_16	16	2068365
2069.791	0.001	R_1	101	2069791
2071.301	0.001	S_4	4	2071301
2072.868	0.001	S_8	8	2072868
2077.337	0.001	S_4	4	2077337
2078.905	0.001	S_8	8	2078905
2079.863	0.001	R_1	101	2079863
2081.083	0.001	S_4	4	2081083
2082.658	0.001	S_16	16	2082658
2083.479	0.001	R_1	101	2083479
2084.759	0.001	S_4	4	2084759
2086.328	0.001	S_16	16	2086328
2088.36	0.001	R_2	102	2088360
2089.78	0.001	S_4	4	2089780
2091.347	0.001	S_8	8	2091347
2093.199	0.001	R_1	101	2093199
2094.575	0.001	S_4	4	2094575
2096.147	0.001	S_8	8	2096147
2097.351	0.001	R_1	101	2097351
2098.564	0.001	S_4	4	2098564
2100.125	0.001	S_8	8	2100125
2102.688	0.001	R_1	101	2102688
2117.143	0.001	S_4	4	2117143
2118.709	0.001	S_8	8	2118709
2120.064	0.001	R_1	101	2120064
2121.291	0.001	S_4	4	2121291
2122.858	0.001	S_16	16	2122858
2123.544	0.001	R_1	101	2123544
2124.774	0.001	S_4	4	2124774
2126.349	0.001	S_16	16	2126349
2127.112	0.001	R_2	102	2127112
2128.573	0.001	S_4	4	2128573
2130.136	0.001	S_16	16	2130136
2130.641	0.001	R_2	102	2130641
2131.835	0.001	S_4	4	2131835
2133.406	0.001	S_16	16	2133406
2133.929	0.001	R_1	101	2133929
2135.24	0.001	S_4	4	2135240
2136.806	0.001	S_8	8	2136806
2137.978	0.001	R_1	101	2137978
2139.299	0.001	S_4	4	2139299
2140.868	0.001	S_16	16	2140868
2141.498	0.001	R_1	101	2141498
2143.007	0.001	S_4	4	2143007
2144.579	0.001	S_8	8	2144579
2145.217	0.001	R_1	101	2145217
2146.677	0.001	S_4	4	2146677
2148.25	0.001	S_16	16	2148250
2148.65	0.001	R_1	101	2148650
2149.956	0.001	S_4	4	2149956
2151.528	0.001	S_16	16	2151528
2152.026	0.001	R_1	101	2152026
2153.654	0.001	S_4	4	2153654
2155.219	0.001	S_8	8	2155219
2155.754	0.001	R_1	101	2155754
2157.4	0.001	S_4	4	2157400
2158.968	0.001	S_16	16	2158968
2159.53	0.001	R_1	101	2159530
2161.108	0.001	S_4	4	2161108
2162.676	0.001	S_16	16	2162676
2163.586	0.001	R_2	102	2163586
2164.953	0.001	S_4	4	2164953
2166.516	0.001	S_16	16	2166516
2167.17	0.001	R_1	101	2167170
2168.48	0.001	S_4	4	2168480
2170.049	0.001	S_8	8	2170049
2170.866	0.001	R_1	101	2170866
2172.195	0.001	S_4	4	2172195
2173.757	0.001	S_16	16	2173757
2174.363	0.001	R_1	101	2174363
2175.857	0.001	S_4	4	2175857
2177.427	0.001	S_8	8	2177427
2178.21	0.001	R_2	102	2178210
2179.779	0.001	S_4	4	2179779
2181.347	0.001	S_8	8	2181347
2181.954	0.001	R_1	101	2181954
2183.13	0.001	S_4	4	2183130
2184.696	0.001	S_16	16	2184696
2186.498	0.001	R_1	101	2186498
2188.025	0.001	S_4	4	2188025
2189.587	0.001	S_8	8	2189587
2190.139	0.001	R_1	101	2190139
2196.643	0.001	S_4	4	2196643
2198.211	0.001	S_8	8	2198211
2199.147	0.001	R_1	101	2199147
2200.384	0.001	S_4	4	2200384
2201.947	0.001	S_16	16	2201947
2202.595	0.001	R_2	102	2202595
2203.928	0.001	S_4	4	2203928
2205.496	0.001	S_8	8	2205496
2206.203	0.001	R_1	101	2206203
2207.725	0.001	S_4	4	2207725
2209.287	0.001	S_16	16	2209287
2210.171	0.001	R_1	101	2210171
2211.494	0.001	S_4	4	2211494
2213.057	0.001	S_8	8	2213057
2213.595	0.001	R_1	101	2213595
2215.16	0.001	S_4	4	2215160
2216.728	0.001	S_16	16	2216728
2218.244	0.001	R_2	102	2218244
2219.552	0.001	S_4	4	2219552
2221.119	0.001	S_8	8	2221119
2221.82	0.001	R_1	101	2221820
2223.288	0.001	S_4	4	2223288
2224.86	0.001	S_16	16	2224860
2226.284	0.001	R_1	101	2226284
2227.713	0.001	S_4	4	2227713
2229.28	0.001	S_16	16	2229280
2230.78	0.001	R_2	102	2230780
2232.11	0.001	S_4	4	2232110
2233.679	0.001	S_16	16	2233679
2235.229	0.001	R_1	101	2235229
2236.589	0.001	S_4	4	2236589
2238.161	0.001	S_16	16	2238161
2239.78	0.001	R_1	101	2239780
2240.957	0.001	S_4	4	2240957
2242.531	0.001	S_8	8	2242531
2243.3	0.001	R_1	101	2243300
2244.567	0.001	S_4	4	2244567
2246.139	0.001	S_8	8	2246139
2247.765	0.001	R_2	102	2247765
2249.412	0.001	S_4	4	2249412
2250.979	0.001	S_8	8	2250979
2252.669	0.001	R_1	101	2252669
2253.929	0.001	S_4	4	2253929
2255.5	0.001	S_16	16	2255500
2256.781	0.001	R_1	101	2256781
2258.005	0.001	S_4	4	2258005
2259.58	0.001	S_8	8	2259580
2260.262	0.001	R_1	101	2260262
2261.755	0.001	S_4	4	2261755
2263.332	0.001	S_16	16	2263332
2263.685	0.001	R_1	101	2263685
2265.081	0.001	S_4	4	2265081
2266.651	0.001	S_16	16	2266651
2267.357	0.001	R_2	102	2267357
2268.788	0.001	S_4	4	2268788
2270.359	0.001	S_8	8	2270359
2271.19	0.001	R_1	101	2271190
2272.637	0.001	S_4	4	2272637
2274.209	0.001	S_8	8	2274209
2275.894	0.001	R_2	102	2275894
2307.129	0.001	S_4	4	2307129
2308.701	0.001	S_8	8	2308701
2309.463	0.001	R_1	101	2309463
2310.941	0.001	S_4	4	2310941
2312.509	0.001	S_8	8	2312509
2314.879	0.001	R_1	101	2314879
2316.161	0.001	S_4	4	2316161
2317.729	0.001	S_16	16	2317729
2318.487	0.001	R_1	101	2318487
2320.105	0.001	S_4	4	2320105
2321.67	0.001	S_8	8	2321670
2322.255	0.001	R_1	101	2322255
2323.905	0.001	S_4	4	2323905
2325.469	0.001	S_16	16	2325469
2327.119	0.001	R_1	101	2327119
2328.438	0.001	S_4	4	2328438
2330.01	0.001	S_16	16	2330010
2332.135	0.001	R_1	101	2332135
2333.677	0.001	S_4	4	2333677
2335.242	0.001	S_16	16	2335242
2337.048	0.001	R_2	102	2337048
2338.312	0.001	S_4	4	2338312
2339.883	0.001	S_16	16	2339883
2340.511	0.001	R_1	101	2340511
2341.699	0.001	S_4	4	2341699
2343.27	0.001	S_8	8	2343270
2344.176	0.001	R_1	101	2344176
2345.558	0.001	S_4	4	2345558
2347.119	0.001	S_8	8	2347119
2347.76	0.001	R_1	101	2347760
2349.35	0.001	S_4	4	2349350
2350.922	0.001	S_8	8	2350922
2352.44	0.001	R_2	102	2352440
2353.929	0.001	S_4	4	2353929
2355.501	0.001	S_16	16	2355501
2357.424	0.001	R_2	102	2357424
2358.792	0.001	S_4	4	2358792
2360.362	0.001	S_16	16	2360362
2362.696	0.001	R_1	101	2362696
2363.914	0.001	S_4	4	2363914
2365.482	0.001	S_8	8	2365482
2366.697	0.001	R_2	102	2366697
2367.965	0.001	S_4	4	2367965
2369.533	0.001	S_8	8	2369533
2371.505	0.001	R_2	102	2371505
2372.804	0.001	S_4	4	2372804
2374.373	0.001	S_8	8	2374373
2375.457	0.001	R_1	101	2375457
2376.825	0.001	S_4	4	2376825
2378.393	0.001	S_16	16	2378393
2380.257	0.001	R_1	101	2380257
2381.785	0.001	S_4	4	2381785
2383.35	0.001	S_16	16	2383350
2386.106	0.001	R_1	101	2386106
2387.748	0.001	S_4	4	2387748
2389.323	0.001	S_16	16	2389323
2391.481	0.001	R_2	102	2391481
2392.713	0.001	S_4	4	2392713
2394.28	0.001	S_8	8	2394280
2396.793	0.001	R_2	102	2396793
2963.251	0.001	S_1	1	2963251
2964.818	0.001	S_16	16	2964818
2966.403	0.001	R_2	102	2966403
2967.73	0.001	S_1	1	2967730
2969.296	0.001	S_8	8	2969296
2971.675	0.001	R_2	102	2971675
2973.032	0.001	S_1	1	2973032
2974.6	0.001	S_16	16	2974600
2975.236	0.001	R_1	101	2975236
2976.582	0.001	S_1	1	2976582
2978.15	0.001	S_16	16	2978150
2978.844	0.001	R_2	102	2978844
2980.352	0.001	S_1	1	2980352
2981.921	0.001	S_8	8	2981921
2982.876	0.001	R_1	101	2982876
2984.325	0.001	S_1	1	2984325
2985.897	0.001	S_16	16	2985897
2987.788	0.001	R_2	102	2987788
2989.413	0.001	S_1	1	2989413
2990.98	0.001	S_8	8	2990980
2992.188	0.001	R_2	102	2992188
2993.444	0.001	S_1	1	2993444
2995.016	0.001	S_16	16	2995016
2995.812	0.001	R_1	101	2995812
2997.441	0.001	S_1	1	2997441
2999.007	0.001	S_8	8	2999007
3000.324	0.001	R_1	101	3000324
3001.835	0.001	S_1	1	3001835
3003.424	0.001	S_16	16	3003424
3003.917	0.001	R_1	101	3003917
3005.105	0.001	S_1	1	3005105
3006.676	0.001	S_16	16	3006676
3008.14	0.001	R_1	101	3008140
3009.655	0.001	S_1	1	3009655
3011.231	0.001	S_8	8	3011231
3013.037	0.001	R_1	101	3013037
3014.236	0.001	S_1	1	3014236
3015.808	0.001	S_8	8	3015808
3017.869	0.001	R_2	102	3017869
3019.315	0.001	S_1	1	3019315
3020.891	0.001	S_8	8	3020891
3025.368	0.001	S_1	1	3025368
3026.939	0.001	S_16	16	3026939
3027.726	0.001	R_1	101	3027726
3029.105	0.001	S_1	1	3029105
3030.681	0.001	S_16	16	3030681
3031.67	0.001	R_2	102	3031670
3033.192	0.001	S_1	1	3033192
3034.759	0.001	S_8	8	3034759
3035.974	0.001	R_1	101	3035974
3037.328	0.001	S_1	1	3037328
3038.899	0.001	S_8	8	3038899
3039.741	0.001	R_1	101	3039741
3041.256	0.001	S_1	1	3041256
3042.829	0.001	S_8	8	3042829
3044.542	0.001	R_2	102	3044542
3046.189	0.001	S_1	1	3046189
3047.782	0.001	S_16	16	3047782
3048.382	0.001	R_1	101	3048382
3070.088	0.001	S_1	1	3070088
3071.66	0.001	S_16	16	3071660
3073.518	0.001	R_2	102	3073518
3074.949	0.001	S_1	1	3074949
3076.521	0.001	S_16	16	3076521
3078.463	0.001	R_2	102	3078463
3079.668	0.001	S_1	1	3079668
3081.241	0.001	S_16	16	3081241
3082.015	0.001	R_2	102	3082015
3083.266	0.001	S_1	1	3083266
3084.828	0.001	S_16	16	3084828
3085.568	0.001	R_1	101	3085568
3087.073	0.001	S_1	1	3087073
3088.639	0.001	S_8	8	3088639
3089.215	0.001	R_1	101	3089215
3090.489	0.001	S_1	1	3090489
3092.06	0.001	S_16	16	3092060
3092.616	0.001	R_1	101	3092616
3094.017	0.001	S_1	1	3094017
3095.609	0.001	S_16	16	3095609
3096.584	0.001	R_2	102	3096584
3098.099	0.001	S_1	1	3098099
3099.671	0.001	S_16	16	3099671
3100.799	0.001	R_1	101	3100799
3102.295	0.001	S_1	1	3102295
3103.857	0.001	S_8	8	3103857
3104.448	0.001	R_1	101	3104448
3105.978	0.001	S_1	1	3105978
3107.548	0.001	S_8	8	3107548
3108.304	0.001	R_1	101	3108304
3109.475	0.001	S_1	1	3109475
3111.039	0.001	S_16	16	3111039
3112.248	0.001	R_1	101	3112248
3113.861	0.001	S_1	1	3113861
3115.43	0.001	S_8	8	3115430
3117.288	0.001	R_1	101	3117288
3118.562	0.001	S_1	1	3118562
3120.13	0.001	S_16	16	3120130
3121.857	0.001	R_1	101	3121857
3123.186	0.001	S_1	1	3123186
3124.762	0.001	S_16	16	3124762
3126.809	0.001	R_1	101	3126809
3128.108	0.001	S_1	1	3128108
3129.682	0.001	S_8	8	3129682
3132.177	0.001	R_1	101	3132177
3133.486	0.001	S_1	1	3133486
3135.052	0.001	S_8	8	3135052
3137.297	0.001	R_1	101	3137297
3138.734	0.001	S_1	1	3138734
3140.301	0.001	S_8	8	3140301
3142.37	0.001	R_1	101	3142370
3143.665	0.001	S_1	1	3143665
3145.229	0.001	S_8	8	3145229
3146.513	0.001	R_2	102	3146513
3148.044	0.001	S_1	1	3148044
3149.612	0.001	S_8	8	3149612
3150.802	0.001	R_2	102	3150802
3152.236	0.001	S_1	1	3152236
3153.802	0.001	S_16	16	3153802
3155.562	0.001	R_2	102	3155562
3173.65	0.001	S_1	1	3173650
3175.219	0.001	S_16	16	3175219
3177.251	0.001	R_1	101	3177251
3178.902	0.001	S_1	1	3178902
3180.472	0.001	S_8	8	3180472
3182.531	0.001	R_1	101	3182531
3183.722	0.001	S_1	1	3183722
3185.292	0.001	S_16	16	3185292
3187.115	0.001	R_1	101	3187115
3188.691	0.001	S_1	1	3188691
3190.262	0.001	S_8	8	3190262
3191.947	0.001	R_1	101	3191947
3193.501	0.001	S_1	1	3193501
3195.073	0.001	S_8	8	3195073
3196.643	0.001	R_1	101	3196643
3198.185	0.001	S_1	1	3198185
3199.751	0.001	S_8	8	3199751
3200.539	0.001	R_1	101	3200539
3201.693	0.001	S_1	1	3201693
3203.264	0.001	S_8	8	3203264
3203.955	0.001	R_1	101	3203955
3205.273	0.001	S_1	1	3205273
3206.842	0.001	S_8	8	3206842
3208.012	0.001	R_1	101	3208012
3209.357	0.001	S_1	1	3209357
3210.92	0.001	S_16	16	3210920
3212.107	0.001	R_1	101	3212107
3213.546	0.001	S_1	1	3213546
3215.111	0.001	S_16	16	3215111
3217.26	0.001	R_2	102	3217260
3218.424	0.001	S_1	1	3218424
3219.989	0.001	S_16	16	3219989
3220.5	0.001	R_1	101	3220500
3221.827	0.001	S_1	1	3221827
3223.392	0.001	S_16	16	3223392
3224.62	0.001	R_2	102	3224620
3225.967	0.001	S_1	1	3225967
3227.533	0.001	S_8	8	3227533
3229.308	0.001	R_2	102	3229308
3230.665	0.001	S_1	1	3230665
3232.233	0.001	S_8	8	3232233
3234.38	0.001	R_2	102	3234380
3235.955	0.001	S_1	1	3235955
3237.531	0.001	S_8	8	3237531
3241.853	0.001	S_1	1	3241853
3243.422	0.001	S_16	16	3243422
3244.972	0.001	R_2	102	3244972
3246.284	0.001	S_1	1	3246284
3247.85	0.001	S_16	16	3247850
3250.189	0.001	R_1	101	3250189
3251.822	0.001	S_1	1	3251822
3253.391	0.001	S_16	16	3253391
3254.693	0.001	R_1	101	3254693
3256.111	0.001	S_1	1	3256111
3257.682	0.001	S_8	8	3257682
3259.893	0.001	R_1	101	3259893
3261.063	0.001	S_1	1	3261063
3262.631	0.001	S_8	8	3262631
3264.821	0.001	R_2	102	3264821
3303.644	0.001	S_1	1	3303644
3305.214	0.001	S_16	16	3305214
3305.919	0.001	R_2	102	3305919
3307.345	0.001	S_1	1	3307345
3308.914	0.001	S_8	8	3308914
3309.463	0.001	R_1	101	3309463
3310.646	0.001	S_1	1	3310646
3312.213	0.001	S_8	8	3312213
3312.943	0.001	R_1	101	3312943
3314.136	0.001	S_1	1	3314136
3315.704	0.001	S_8	8	3315704
3316.606	0.001	R_1	101	3316606
3317.947	0.001	S_1	1	3317947
3319.513	0.001	S_16	16	3319513
3319.919	0.001	R_1	101	3319919
3321.445	0.001	S_1	1	3321445
3323.015	0.001	S_16	16	3323015
3323.991	0.001	R_1	101	3323991
3325.306	0.001	S_1	1	3325306
3326.873	0.001	S_8	8	3326873
3327.583	0.001	R_1	101	3327583
3328.946	0.001	S_1	1	3328946
3330.514	0.001	S_16	16	3330514
3331.959	0.001	R_1	101	3331959
3333.249	0.001	S_1	1	3333249
3334.825	0.001	S_16	16	3334825
3335.855	0.001	R_2	102	3335855
3337.175	0.001	S_1	1	3337175
3338.745	0.001	S_16	16	3338745
3339.647	0.001	R_1	101	3339647
3341.032	0.001	S_1	1	3341032
3342.603	0.001	S_8	8	3342603
3344.176	0.001	R_1	101	3344176
3345.768	0.001	S_1	1	3345768
3347.335	0.001	S_8	8	3347335
3349.784	0.001	R_2	102	3349784
3351.151	0.001	S_1	1	3351151
3352.723	0.001	S_16	16	3352723
3354.456	0.001	R_1	101	3354456
3355.738	0.001	S_1	1	3355738
3357.304	0.001	S_16	16	3357304
3358.769	0.001	R_1	101	3358769
3360.083	0.001	S_1	1	3360083
3361.654	0.001	S_16	16	3361654
3362.512	0.001	R_1	101	3362512
3364.073	0.001	S_1	1	3364073
3365.644	0.001	S_8	8	3365644
3366.352	0.001	R_1	101	3366352
3367.917	0.001	S_1	1	3367917
3369.485	0.001	S_8	8	3369485
3371.169	0.001	R_1	101	3371169
3372.769	0.001	S_1	1	3372769
3374.361	0.001	S_8	8	3374361
3376.865	0.001	R_1	101	3376865
3378.434	0.001	S_1	1	3378434
3380.004	0.001	S_8	8	3380004
3382.585	0.001	R_2	102	3382585
3384.21	0.001	S_1	1	3384210
3385.774	0.001	S_16	16	3385774
3388.089	0.001	R_1	101	3388089
3464.566	0.001	S_2	2	3464566
3466.136	0.001	S_16	16	3466136
3467.731	0.001	R_1	101	3467731
3469.307	0.001	S_2	2	3469307
3470.874	0.001	S_8	8	3470874
3471.7	0.001	R_1	101	3471700
3472.894	0.001	S_2	2	3472894
3474.465	0.001	S_16	16	3474465
3476.34	0.001	R_1	101	3476340
3477.897	0.001	S_2	2	3477897
3479.464	0.001	S_8	8	3479464
3480.404	0.001	R_1	101	3480404
3481.675	0.001	S_2	2	3481675
3483.246	0.001	S_16	16	3483246
3484.364	0.001	R_1	101	3484364
3485.827	0.001	S_2	2	3485827
3487.396	0.001	S_8	8	3487396
3488.149	0.001	R_1	101	3488149
3489.577	0.001	S_2	2	3489577
3491.145	0.001	S_8	8	3491145
3492.269	0.001	R_1	101	3492269
3493.677	0.001	S_2	2	3493677
3495.247	0.001	S_16	16	3495247
3495.804	0.001	R_1	101	3495804
3497.459	0.001	S_2	2	3497459
3499.027	0.001	S_8	8	3499027
3501.205	0.001	R_2	102	3501205
3502.768	0.001	S_2	2	3502768
3504.338	0.001	S_16	16	3504338
3506.597	0.001	R_2	102	3506597
3508.059	0.001	S_2	2	3508059
3509.625	0.001	S_16	16	3509625
3511.222	0.001	R_1	101	3511222
3512.432	0.001	S_2	2	3512432
3514.012	0.001	S_16	16	3514012
3515.637	0.001	R_1	101	3515637
3516.834	0.001	S_2	2	3516834
3518.406	0.001	S_8	8	3518406
3520.165	0.001	R_1	101	3520165
3521.713	0.001	S_2	2	3521713
3523.284	0.001	S_16	16	3523284
3525.35	0.001	R_1	101	3525350
3526.926	0.001	S_2	2	3526926
3528.497	0.001	S_16	16	3528497
3531.342	0.001	R_1	101	3531342
3532.544	0.001	S_2	2	3532544
3534.115	0.001	S_16	16	3534115
3536.91	0.001	R_2	102	3536910
3538.101	0.001	S_2	2	3538101
3539.664	0.001	S_8	8	3539664
3540.278	0.001	R_1	101	3540278
3541.81	0.001	S_2	2	3541810
3543.376	0.001	S_8	8	3543376
3543.887	0.001	R_1	101	3543887
3545.185	0.001	S_2	2	3545185
3546.761	0.001	S_16	16	3546761
3548.143	0.001	R_1	101	3548143
3549.708	0.001	S_2	2	3549708
3551.276	0.001	S_8	8	3551276
3553.351	0.001	R_2	102	3553351
3599.788	0.001	S_2	2	3599788
3601.357	0.001	S_16	16	3601357
3602.448	0.001	R_1	101	3602448
3603.93	0.001	S_2	2	3603930
3605.498	0.001	S_16	16	3605498
3607.537	0.001	R_2	102	3607537
3608.776	0.001	S_2	2	3608776
3610.347	0.001	S_8	8	3610347
3611.233	0.001	R_2	102	3611233
3612.606	0.001	S_2	2	3612606
3614.18	0.001	S_8	8	3614180
3615.033	0.001	R_1	101	3615033
3616.587	0.001	S_2	2	3616587
3618.158	0.001	S_8	8	3618158
3619.105	0.001	R_1	101	3619105
3620.368	0.001	S_2	2	3620368
3621.936	0.001	S_16	16	3621936
3623.649	0.001	R_1	101	3623649
3625.112	0.001	S_2	2	3625112
3626.676	0.001	S_8	8	3626676
3628.185	0.001	R_2	102	3628185
3629.498	0.001	S_2	2	3629498
3631.068	0.001	S_16	16	3631068
3632.065	0.001	R_2	102	3632065
3633.288	0.001	S_2	2	3633288
3634.858	0.001	S_16	16	3634858
3636.513	0.001	R_1	101	3636513
3637.979	0.001	S_2	2	3637979
3639.549	0.001	S_16	16	3639549
3641.289	0.001	R_1	101	3641289
3642.682	0.001	S_2	2	3642682
3644.249	0.001	S_8	8	3644249
3646.698	0.001	R_1	101	3646698
3648.138	0.001	S_2	2	3648138
3649.709	0.001	S_8	8	3649709
3651.674	0.001	R_2	102	3651674
3653.127	0.001	S_2	2	3653127
3654.714	0.001	S_16	16	3654714
3656.17	0.001	R_1	101	3656170
3657.652	0.001	S_2	2	3657652
3659.221	0.001	S_8	8	3659221
3660.778	0.001	R_2	102	3660778
3661.947	0.001	S_2	2	3661947
3663.52	0.001	S_16	16	3663520
3664.907	0.001	R_1	101	3664907
3666.318	0.001	S_2	2	3666318
3667.89	0.001	S_16	16	3667890
3669.619	0.001	R_1	101	3669619
3671.16	0.001	S_2	2	3671160
3672.73	0.001	S_16	16	3672730
3674.683	0.001	R_1	101	3674683
3676.26	0.001	S_2	2	3676260
3677.829	0.001	S_16	16	3677829
3679.931	0.001	R_2	102	3679931
3681.569	0.001	S_2	2	3681569
3683.141	0.001	S_8	8	3683141
3684.123	0.001	R_1	101	3684123
3685.764	0.001	S_2	2	3685764
3687.327	0.001	S_8	8	3687327
3689.435	0.001	R_2	102	3689435
3695.27	0.001	S_2	2	3695270
3696.838	0.001	S_16	16	3696838
3698.139	0.001	R_1	101	3698139
3699.507	0.001	S_2	2	3699507
3701.092	0.001	S_16	16	3701092
3702.404	0.001	R_2	102	3702404
3703.618	0.001	S_2	2	3703618
3705.19	0.001	S_16	16	3705190
3706.756	0.001	R_2	102	3706756
3708.222	0.001	S_2	2	3708222
3709.789	0.001	S_16	16	3709789
3711.451	0.001	R_2	102	3711451
3712.646	0.001	S_2	2	3712646
3714.218	0.001	S_8	8	3714218
3715.524	0.001	R_1	101	3715524
3717.077	0.001	S_2	2	3717077
3718.638	0.001	S_8	8	3718638
3720.132	0.001	R_1	101	3720132
3721.579	0.001	S_2	2	3721579
3723.15	0.001	S_16	16	3723150
3725.629	0.001	R_2	102	3725629
3727.047	0.001	S_2	2	3727047
3728.612	0.001	S_8	8	3728612
3729.628	0.001	R_1	101	3729628
3731.06	0.001	S_2	2	3731060
3732.631	0.001	S_16	16	3732631
3734.829	0.001	R_2	102	3734829
3735.987	0.001	S_2	2	3735987
3737.55	0.001	S_16	16	3737550
3739.86	0.001	R_2	102	3739860
3741.224	0.001	S_2	2	3741224
3742.791	0.001	S_8	8	3742791
3744.66	0.001	R_1	101	3744660
3745.931	0.001	S_2	2	3745931
3747.499	0.001	S_8	8	3747499
3749.645	0.001	R_1	101	3749645
3750.927	0.001	S_2	2	3750927
3752.499	0.001	S_16	16	3752499
3754.262	0.001	R_1	101	3754262
3755.457	0.001	S_2	2	3755457
3757.018	0.001	S_8	8	3757018
3757.989	0.001	R_1	101	3757989
3759.413	0.001	S_2	2	3759413
3760.98	0.001	S_8	8	3760980
3762.206	0.001	R_1	101	3762206
3763.559	0.001	S_2	2	3763559
3765.129	0.001	S_8	8	3765129
3767.31	0.001	R_1	101	3767310
3768.96	0.001	S_2	2	3768960
3770.533	0.001	S_16	16	3770533
3772.646	0.001	R_1	101	3772646
3773.914	0.001	S_2	2	3773914
3775.482	0.001	S_8	8	3775482
3777.806	0.001	R_1	101	3777806
3779.378	0.001	S_2	2	3779378
3780.938	0.001	S_16	16	3780938
3782.43	0.001	R_1	101	3782430
3783.661	0.001	S_2	2	3783661
3785.229	0.001	S_16	16	3785229
3787.438	0.001	R_2	102	3787438
3794.353	0.001	S_2	2	3794353
3795.936	0.001	S_8	8	3795936
3796.975	0.001	R_1	101	3796975
3798.382	0.001	S_2	2	3798382
3799.952	0.001	S_16	16	3799952
3800.991	0.001	R_1	101	3800991
3802.354	0.001	S_2	2	3802354
3803.921	0.001	S_8	8	3803921
3804.454	0.001	R_1	101	3804454
3805.914	0.001	S_2	2	3805914
3807.479	0.001	S_8	8	3807479
3809.991	0.001	R_2	102	3809991
3811.281	0.001	S_2	2	3811281
3812.849	0.001	S_16	16	3812849
3813.367	0.001	R_2	102	3813367
3814.883	0.001	S_2	2	3814883
3816.452	0.001	S_8	8	3816452
3818.607	0.001	R_2	102	3818607
3820.065	0.001	S_2	2	3820065
3821.631	0.001	S_16	16	3821631
3822.928	0.001	R_1	101	3822928
3824.52	0.001	S_2	2	3824520
3826.092	0.001	S_16	16	3826092
3828.103	0.001	R_1	101	3828103
3829.329	0.001	S_2	2	3829329
3830.901	0.001	S_8	8	3830901
3835.486	0.001	S_2	2	3835486
3837.054	0.001	S_8	8	3837054
3838.6	0.001	R_1	101	3838600
3840.163	0.001	S_2	2	3840163
3841.74	0.001	S_8	8	3841740
3843.672	0.001	R_2	102	3843672
3845.311	0.001	S_2	2	3845311
3846.88	0.001	S_8	8	3846880
3849.28	0.001	R_2	102	3849280
3850.916	0.001	S_2	2	3850916
3852.483	0.001	S_16	16	3852483
3854.889	0.001	R_2	102	3854889
3856.123	0.001	S_2	2	3856123
3857.691	0.001	S_16	16	3857691
3860.544	0.001	R_1	101	3860544
3861.956	0.001	S_2	2	3861956
3863.522	0.001	S_8	8	3863522
3865.848	0.001	R_1	101	3865848
3867.471	0.001	S_2	2	3867471
3869.042	0.001	S_8	8	3869042
3871.105	0.001	R_1	101	3871105
3872.753	0.001	S_2	2	3872753
3874.32	0.001	S_16	16	3874320
3875.793	0.001	R_1	101	3875793
3877.062	0.001	S_2	2	3877062
3878.632	0.001	S_8	8	3878632
3879.681	0.001	R_2	102	3879681
3881.184	0.001	S_2	2	3881184
3882.751	0.001	S_8	8	3882751
3883.601	0.001	R_1	101	3883601
3884.825	0.001	S_2	2	3884825
3886.392	0.001	S_8	8	3886392
3887.753	0.001	R_1	101	3887753
